{"trial_id": "02", "hyperparameters": {"space": [{"class_name": "Fixed", "config": {"name": "conv1_channels", "conditions": [], "value": 135}}, {"class_name": "Fixed", "config": {"name": "conv2_channels", "conditions": [], "value": 293}}, {"class_name": "Fixed", "config": {"name": "conv3_channels", "conditions": [], "value": 100}}, {"class_name": "Float", "config": {"name": "L2 coeff.", "default": 1e-10, "conditions": [], "min_value": 1e-10, "max_value": 1.0, "step": null, "sampling": "log"}}, {"class_name": "Float", "config": {"name": "alpha", "default": 0.0001, "conditions": [], "min_value": 0.0001, "max_value": 0.01, "step": null, "sampling": "log"}}, {"class_name": "Choice", "config": {"name": "batchSize", "default": 4, "conditions": [], "values": [4, 8, 16, 32, 64, 128], "ordered": true}}], "values": {"conv1_channels": 135, "conv2_channels": 293, "conv3_channels": 100, "L2 coeff.": 2.5089208355781777e-10, "alpha": 0.0007837876080354357, "batchSize": 64}}, "metrics": {"metrics": {"default_objective": {"direction": "min", "observations": [{"value": [1.0130895376205444], "step": 0}]}}}, "score": 1.0130895376205444, "best_step": 0, "status": "COMPLETED", "message": null}