{"trial_id": "16", "hyperparameters": {"space": [{"class_name": "Int", "config": {"name": "conv1_channels", "default": null, "conditions": [], "min_value": 0, "max_value": 300, "step": 1, "sampling": "linear"}}, {"class_name": "Int", "config": {"name": "conv2_channels", "default": null, "conditions": [], "min_value": 0, "max_value": 300, "step": 1, "sampling": "linear"}}, {"class_name": "Int", "config": {"name": "conv3_channels", "default": null, "conditions": [], "min_value": 0, "max_value": 300, "step": 1, "sampling": "linear"}}, {"class_name": "Fixed", "config": {"name": "L2 coeff.", "conditions": [], "value": 8.416167733845174e-08}}, {"class_name": "Fixed", "config": {"name": "alpha", "conditions": [], "value": 0.00035533430837095676}}, {"class_name": "Fixed", "config": {"name": "batchSize", "conditions": [], "value": 4}}], "values": {"conv1_channels": 259, "conv2_channels": 54, "conv3_channels": 177, "L2 coeff.": 8.416167733845174e-08, "alpha": 0.00035533430837095676, "batchSize": 4}}, "metrics": {"metrics": {"default_objective": {"direction": "min", "observations": [{"value": [1.0148500204086304], "step": 0}]}}}, "score": 1.0148500204086304, "best_step": 0, "status": "COMPLETED", "message": null}