{"trial_id": "34", "hyperparameters": {"space": [{"class_name": "Fixed", "config": {"name": "conv1_channels", "conditions": [], "value": 110}}, {"class_name": "Fixed", "config": {"name": "conv2_channels", "conditions": [], "value": 189}}, {"class_name": "Fixed", "config": {"name": "conv3_channels", "conditions": [], "value": 212}}, {"class_name": "Float", "config": {"name": "L2 coeff.", "default": 1e-10, "conditions": [], "min_value": 1e-10, "max_value": 1.0, "step": null, "sampling": "log"}}, {"class_name": "Float", "config": {"name": "alpha", "default": 0.0001, "conditions": [], "min_value": 0.0001, "max_value": 0.01, "step": null, "sampling": "log"}}, {"class_name": "Choice", "config": {"name": "batchSize", "default": 4, "conditions": [], "values": [4, 8, 16, 32, 64, 128], "ordered": true}}], "values": {"conv1_channels": 110, "conv2_channels": 189, "conv3_channels": 212, "L2 coeff.": 1e-10, "alpha": 0.0001, "batchSize": 16}}, "metrics": {"metrics": {"default_objective": {"direction": "min", "observations": [{"value": [0.9764293432235718], "step": 0}]}}}, "score": 0.9764293432235718, "best_step": 0, "status": "COMPLETED", "message": null}