{"trial_id": "14", "hyperparameters": {"space": [{"class_name": "Int", "config": {"name": "conv1_channels", "default": null, "conditions": [], "min_value": 0, "max_value": 300, "step": 1, "sampling": "linear"}}, {"class_name": "Int", "config": {"name": "conv2_channels", "default": null, "conditions": [], "min_value": 0, "max_value": 300, "step": 1, "sampling": "linear"}}, {"class_name": "Int", "config": {"name": "conv3_channels", "default": null, "conditions": [], "min_value": 0, "max_value": 300, "step": 1, "sampling": "linear"}}, {"class_name": "Fixed", "config": {"name": "L2 coeff.", "conditions": [], "value": 5.942300964709349e-09}}, {"class_name": "Fixed", "config": {"name": "alpha", "conditions": [], "value": 0.0005215504951794882}}, {"class_name": "Fixed", "config": {"name": "batchSize", "conditions": [], "value": 16}}], "values": {"conv1_channels": 224, "conv2_channels": 171, "conv3_channels": 61, "L2 coeff.": 5.942300964709349e-09, "alpha": 0.0005215504951794882, "batchSize": 16}}, "metrics": {"metrics": {"default_objective": {"direction": "min", "observations": [{"value": [0.9559354782104492], "step": 0}]}}}, "score": 0.9559354782104492, "best_step": 0, "status": "COMPLETED", "message": null}