{"trial_id": "27", "hyperparameters": {"space": [{"class_name": "Int", "config": {"name": "conv1_channels", "default": null, "conditions": [], "min_value": 0, "max_value": 300, "step": 1, "sampling": "linear"}}, {"class_name": "Int", "config": {"name": "conv2_channels", "default": null, "conditions": [], "min_value": 0, "max_value": 300, "step": 1, "sampling": "linear"}}, {"class_name": "Int", "config": {"name": "conv3_channels", "default": null, "conditions": [], "min_value": 0, "max_value": 300, "step": 1, "sampling": "linear"}}, {"class_name": "Fixed", "config": {"name": "L2 coeff.", "conditions": [], "value": 1.6134894406483837e-07}}, {"class_name": "Fixed", "config": {"name": "alpha", "conditions": [], "value": 0.0019465160133115358}}, {"class_name": "Fixed", "config": {"name": "batchSize", "conditions": [], "value": 4}}], "values": {"conv1_channels": 171, "conv2_channels": 116, "conv3_channels": 0, "L2 coeff.": 1.6134894406483837e-07, "alpha": 0.0019465160133115358, "batchSize": 4}}, "metrics": {"metrics": {"default_objective": {"direction": "min", "observations": [{"value": [1.005140781402588], "step": 0}]}}}, "score": 1.005140781402588, "best_step": 0, "status": "COMPLETED", "message": null}