{"trial_id": "23", "hyperparameters": {"space": [{"class_name": "Int", "config": {"name": "conv1_channels", "default": null, "conditions": [], "min_value": 0, "max_value": 300, "step": 1, "sampling": "linear"}}, {"class_name": "Int", "config": {"name": "conv2_channels", "default": null, "conditions": [], "min_value": 0, "max_value": 300, "step": 1, "sampling": "linear"}}, {"class_name": "Int", "config": {"name": "conv3_channels", "default": null, "conditions": [], "min_value": 0, "max_value": 300, "step": 1, "sampling": "linear"}}, {"class_name": "Fixed", "config": {"name": "L2 coeff.", "conditions": [], "value": 5.490364103240648e-05}}, {"class_name": "Fixed", "config": {"name": "alpha", "conditions": [], "value": 0.0001}}, {"class_name": "Fixed", "config": {"name": "batchSize", "conditions": [], "value": 4}}], "values": {"conv1_channels": 284, "conv2_channels": 300, "conv3_channels": 217, "L2 coeff.": 5.490364103240648e-05, "alpha": 0.0001, "batchSize": 4}}, "metrics": {"metrics": {"default_objective": {"direction": "min", "observations": [{"value": [0.9493066668510437], "step": 0}]}}}, "score": 0.9493066668510437, "best_step": 0, "status": "COMPLETED", "message": null}