{"trial_id": "43", "hyperparameters": {"space": [{"class_name": "Int", "config": {"name": "conv1_channels", "default": null, "conditions": [], "min_value": 0, "max_value": 300, "step": 1, "sampling": "linear"}}, {"class_name": "Int", "config": {"name": "conv2_channels", "default": null, "conditions": [], "min_value": 0, "max_value": 300, "step": 1, "sampling": "linear"}}, {"class_name": "Int", "config": {"name": "conv3_channels", "default": null, "conditions": [], "min_value": 0, "max_value": 300, "step": 1, "sampling": "linear"}}, {"class_name": "Fixed", "config": {"name": "L2 coeff.", "conditions": [], "value": 1e-05}}, {"class_name": "Fixed", "config": {"name": "alpha", "conditions": [], "value": 0.001}}, {"class_name": "Fixed", "config": {"name": "batchSize", "conditions": [], "value": 16}}], "values": {"conv1_channels": 258, "conv2_channels": 107, "conv3_channels": 299, "L2 coeff.": 1e-05, "alpha": 0.001, "batchSize": 16}}, "metrics": {"metrics": {"default_objective": {"direction": "min", "observations": [{"value": [0.9146467447280884], "step": 0}]}}}, "score": 0.9146467447280884, "best_step": 0, "status": "COMPLETED", "message": null}