{"trial_id": "06", "hyperparameters": {"space": [{"class_name": "Fixed", "config": {"name": "conv1_channels", "conditions": [], "value": 87}}, {"class_name": "Fixed", "config": {"name": "conv2_channels", "conditions": [], "value": 182}}, {"class_name": "Fixed", "config": {"name": "conv3_channels", "conditions": [], "value": 239}}, {"class_name": "Float", "config": {"name": "L2 coeff.", "default": 1e-10, "conditions": [], "min_value": 1e-10, "max_value": 1.0, "step": null, "sampling": "log"}}, {"class_name": "Float", "config": {"name": "alpha", "default": 0.0001, "conditions": [], "min_value": 0.0001, "max_value": 0.01, "step": null, "sampling": "log"}}, {"class_name": "Choice", "config": {"name": "batchSize", "default": 4, "conditions": [], "values": [4, 8, 16, 32, 64, 128], "ordered": true}}], "values": {"conv1_channels": 87, "conv2_channels": 182, "conv3_channels": 239, "L2 coeff.": 5.850826054544115e-06, "alpha": 0.0002630359449493652, "batchSize": 32}}, "metrics": {"metrics": {"default_objective": {"direction": "min", "observations": [{"value": [1.0011605024337769], "step": 0}]}}}, "score": 1.0011605024337769, "best_step": 0, "status": "COMPLETED", "message": null}